{"mode": "train", "epoch": 1, "iter": 1, "memory": 21252, "lr": 1.7985611510791368e-07, "data_load_time": 24.0666, "loss": 1.19991, "logit_scale": 4.6052, "global_batch_size": 180.0, "iter_time": 83.38458}
{"mode": "train", "epoch": 1, "iter": 2, "memory": 21264, "lr": 3.5971223021582736e-07, "data_load_time": 24.24938, "loss": 1.2246, "logit_scale": 4.6052, "global_batch_size": 180.0, "iter_time": 41.02837}
{"mode": "train", "epoch": 1, "iter": 3, "memory": 22731, "lr": 5.395683453237411e-07, "data_load_time": 25.26603, "loss": 1.29036, "logit_scale": 4.6052, "global_batch_size": 180.0, "iter_time": 51.95167}
{"mode": "train", "epoch": 1, "iter": 4, "memory": 22731, "lr": 7.194244604316547e-07, "data_load_time": 24.68112, "loss": 1.05525, "logit_scale": 4.6052, "global_batch_size": 180.0, "iter_time": 46.0819}
{"mode": "train", "epoch": 1, "iter": 5, "memory": 22731, "lr": 8.992805755395683e-07, "data_load_time": 24.85147, "loss": 1.34274, "logit_scale": 4.6052, "global_batch_size": 180.0, "iter_time": 46.20101}
{"mode": "train", "epoch": 1, "iter": 6, "memory": 22731, "lr": 1.0791366906474822e-06, "data_load_time": 25.17619, "loss": 1.18532, "logit_scale": 4.6052, "global_batch_size": 180.0, "iter_time": 46.58245}
{"mode": "train", "epoch": 1, "iter": 7, "memory": 22731, "lr": 1.2589928057553958e-06, "data_load_time": 24.42807, "loss": 1.11356, "logit_scale": 4.6052, "global_batch_size": 180.0, "iter_time": 45.81473}
{"mode": "train", "epoch": 1, "iter": 8, "memory": 22731, "lr": 1.4388489208633094e-06, "data_load_time": 24.98429, "loss": 1.33995, "logit_scale": 4.6052, "global_batch_size": 180.0, "iter_time": 46.34159}
{"mode": "train", "epoch": 1, "iter": 9, "memory": 22731, "lr": 1.618705035971223e-06, "data_load_time": 24.78389, "loss": 1.08375, "logit_scale": 4.6052, "global_batch_size": 180.0, "iter_time": 46.17976}
{"mode": "train", "epoch": 1, "iter": 10, "memory": 22731, "lr": 1.7985611510791366e-06, "data_load_time": 24.38712, "loss": 1.07846, "logit_scale": 4.60519, "global_batch_size": 180.0, "iter_time": 45.78857}
{"mode": "train", "epoch": 1, "iter": 11, "memory": 22731, "lr": 1.9784172661870504e-06, "data_load_time": 24.11046, "loss": 1.04252, "logit_scale": 4.60519, "global_batch_size": 180.0, "iter_time": 45.38907}
{"mode": "train", "epoch": 1, "iter": 12, "memory": 22731, "lr": 2.1582733812949645e-06, "data_load_time": 24.64516, "loss": 1.32303, "logit_scale": 4.60519, "global_batch_size": 180.0, "iter_time": 45.99472}
{"mode": "train", "epoch": 1, "iter": 13, "memory": 22731, "lr": 2.338129496402878e-06, "data_load_time": 23.71006, "loss": 1.01481, "logit_scale": 4.60519, "global_batch_size": 180.0, "iter_time": 45.10736}
{"mode": "train", "epoch": 1, "iter": 14, "memory": 22731, "lr": 2.5179856115107916e-06, "data_load_time": 23.36859, "loss": 1.04939, "logit_scale": 4.60519, "global_batch_size": 180.0, "iter_time": 44.6732}
{"mode": "train", "epoch": 1, "iter": 15, "memory": 22731, "lr": 2.6978417266187052e-06, "data_load_time": 23.20207, "loss": 0.8559, "logit_scale": 4.60518, "global_batch_size": 180.0, "iter_time": 44.56883}
{"mode": "train", "epoch": 1, "iter": 16, "memory": 22731, "lr": 2.877697841726619e-06, "data_load_time": 23.58424, "loss": 1.21655, "logit_scale": 4.60518, "global_batch_size": 180.0, "iter_time": 44.96824}
{"mode": "train", "epoch": 1, "iter": 17, "memory": 22731, "lr": 3.0575539568345324e-06, "data_load_time": 22.74611, "loss": 1.3979, "logit_scale": 4.60518, "global_batch_size": 180.0, "iter_time": 44.13683}
{"mode": "train", "epoch": 1, "iter": 18, "memory": 22731, "lr": 3.237410071942446e-06, "data_load_time": 23.09918, "loss": 1.14068, "logit_scale": 4.60518, "global_batch_size": 180.0, "iter_time": 44.45042}
{"mode": "train", "epoch": 1, "iter": 19, "memory": 22731, "lr": 3.41726618705036e-06, "data_load_time": 23.52909, "loss": 0.99563, "logit_scale": 4.60517, "global_batch_size": 180.0, "iter_time": 44.92117}
{"mode": "train", "epoch": 1, "iter": 20, "memory": 22731, "lr": 3.5971223021582732e-06, "data_load_time": 23.54098, "loss": 1.28872, "logit_scale": 4.60517, "global_batch_size": 180.0, "iter_time": 44.86555}
{"mode": "train", "epoch": 1, "iter": 21, "memory": 22731, "lr": 3.7769784172661873e-06, "data_load_time": 22.19218, "loss": 1.03703, "logit_scale": 4.60517, "global_batch_size": 180.0, "iter_time": 43.5563}
{"mode": "train", "epoch": 1, "iter": 22, "memory": 22731, "lr": 3.956834532374101e-06, "data_load_time": 23.28224, "loss": 1.21544, "logit_scale": 4.60516, "global_batch_size": 180.0, "iter_time": 44.5982}
{"mode": "train", "epoch": 1, "iter": 23, "memory": 22731, "lr": 4.1366906474820145e-06, "data_load_time": 23.33988, "loss": 1.00794, "logit_scale": 4.60516, "global_batch_size": 180.0, "iter_time": 44.75774}
{"mode": "train", "epoch": 1, "iter": 24, "memory": 22731, "lr": 4.316546762589929e-06, "data_load_time": 23.8993, "loss": 1.14755, "logit_scale": 4.60515, "global_batch_size": 180.0, "iter_time": 45.20333}
{"mode": "train", "epoch": 1, "iter": 25, "memory": 22731, "lr": 4.496402877697842e-06, "data_load_time": 23.9581, "loss": 1.25654, "logit_scale": 4.60515, "global_batch_size": 180.0, "iter_time": 45.38031}
{"mode": "train", "epoch": 1, "iter": 26, "memory": 22731, "lr": 4.676258992805756e-06, "data_load_time": 23.60987, "loss": 1.06867, "logit_scale": 4.60515, "global_batch_size": 180.0, "iter_time": 44.99765}
{"mode": "train", "epoch": 1, "iter": 27, "memory": 22731, "lr": 4.85611510791367e-06, "data_load_time": 24.17743, "loss": 0.99097, "logit_scale": 4.60514, "global_batch_size": 180.0, "iter_time": 45.57544}
{"mode": "train", "epoch": 1, "iter": 28, "memory": 22731, "lr": 5.035971223021583e-06, "data_load_time": 23.71817, "loss": 1.21855, "logit_scale": 4.60514, "global_batch_size": 180.0, "iter_time": 45.01448}
{"mode": "train", "epoch": 1, "iter": 29, "memory": 22731, "lr": 5.215827338129497e-06, "data_load_time": 22.5425, "loss": 1.06838, "logit_scale": 4.60513, "global_batch_size": 180.0, "iter_time": 43.95918}
{"mode": "train", "epoch": 1, "iter": 30, "memory": 22731, "lr": 5.3956834532374105e-06, "data_load_time": 22.50157, "loss": 0.9677, "logit_scale": 4.60513, "global_batch_size": 180.0, "iter_time": 43.83168}
{"mode": "train", "epoch": 1, "iter": 31, "memory": 22731, "lr": 5.575539568345324e-06, "data_load_time": 24.36809, "loss": 0.94484, "logit_scale": 4.60512, "global_batch_size": 180.0, "iter_time": 45.76222}
{"mode": "train", "epoch": 1, "iter": 32, "memory": 22731, "lr": 5.755395683453238e-06, "data_load_time": 23.06687, "loss": 1.01339, "logit_scale": 4.60512, "global_batch_size": 180.0, "iter_time": 44.38052}
{"mode": "train", "epoch": 1, "iter": 33, "memory": 22731, "lr": 5.935251798561151e-06, "data_load_time": 22.85153, "loss": 1.14456, "logit_scale": 4.60512, "global_batch_size": 180.0, "iter_time": 44.19614}
{"mode": "train", "epoch": 1, "iter": 34, "memory": 22731, "lr": 6.115107913669065e-06, "data_load_time": 22.60638, "loss": 1.06052, "logit_scale": 4.60511, "global_batch_size": 180.0, "iter_time": 43.97639}
{"mode": "train", "epoch": 1, "iter": 35, "memory": 22731, "lr": 6.2949640287769785e-06, "data_load_time": 23.26082, "loss": 0.96254, "logit_scale": 4.60511, "global_batch_size": 180.0, "iter_time": 44.56418}
{"mode": "train", "epoch": 1, "iter": 36, "memory": 22731, "lr": 6.474820143884892e-06, "data_load_time": 22.38102, "loss": 1.0344, "logit_scale": 4.6051, "global_batch_size": 180.0, "iter_time": 43.79042}
{"mode": "train", "epoch": 1, "iter": 37, "memory": 22731, "lr": 6.6546762589928065e-06, "data_load_time": 22.40755, "loss": 0.95754, "logit_scale": 4.6051, "global_batch_size": 180.0, "iter_time": 43.80208}
{"mode": "train", "epoch": 1, "iter": 38, "memory": 22731, "lr": 6.83453237410072e-06, "data_load_time": 22.69205, "loss": 0.93563, "logit_scale": 4.60509, "global_batch_size": 180.0, "iter_time": 44.00762}
{"mode": "train", "epoch": 1, "iter": 39, "memory": 22731,